NY Times Best Sellers Book – Fiction – 2015 to April 2017,,
,,
Week Ending,Title,Author
01/04/15,Gray Mountain,John Grisham
01/11/15,Gone Girl,Gillian Flynn
01/18/15,All the Light We Cannot See,Anthony Doerr
01/25/15,All the Light We Cannot See,Anthony Doerr
02/01/15,The Girl on the Train,Paula Hawkins
02/08/15,The Girl on the Train,Paula Hawkins
02/15/15,The Girl on the Train,Paula Hawkins
02/22/15,The Girl on the Train,Paula Hawkins
03/01/15,The Girl on the Train,Paula Hawkins
03/08/15,The Girl on the Train,Paula Hawkins
03/15/15,The Girl on the Train,Paula Hawkins
03/22/15,The Girl on the Train,Paula Hawkins
03/29/15,The Girl on the Train,Paula Hawkins
04/05/15,The Girl on the Train,Paula Hawkins
04/12/15,The Girl on the Train,Paula Hawkins
04/19/15,The Girl on the Train,Paula Hawkins
04/26/15,The Girl on the Train,Paula Hawkins
05/03/15,The Liar,Nora Roberts
05/10/15,Memory Man,David Baldacci
05/17/15,Gathering Prey,John Sandford
05/24/15,14th Deadly Sin,James Patterson
05/31/15,The Girl on the Train,Paula Hawkins
06/07/15,The Girl on the Train,Paula Hawkins
06/14/15,Radiant Angel,Nelson DeMille
06/21/15,Finders Keepers,Stephen King
06/28/15,The Girl on the Train,Paula Hawkins
07/05/15,Grey,E. L. James
07/12/15,Grey,E. L. James
07/19/15,Grey,E. L. James
07/26/15,Grey,E. L. James
08/02/15,Go Set a Watchman,Harper Lee
08/09/15,Go Set a Watchman,Harper Lee
08/16/15,Go Set a Watchman,Harper Lee
08/23/15,Alert,James Patterson and Michael Ledwidge
08/30/15,Go Set a Watchman,Harper Lee
09/06/15,Friction,Sandra Brown
09/13/15,X,Sue Grafton
09/20/15,The Girl in the Spider's Web,David Lagercrantz
09/27/15,Make Me,Lee Child
10/04/15,The Martian,Andy Weir
10/11/15,The Martian,Andy Weir
10/18/15,The Martian,Andy Weir
10/25/15,The Survivor,Vince Flynn and Kyle Mills
11/01/15,See Me,Nicholas Sparks
11/08/15,Rogue Lawyer,John Grisham
11/15/15,Rogue Lawyer,John Grisham
11/22/15,The Crossing,Michael Connelly
11/29/15,Rogue Lawyer,John Grisham
12/06/15,Tricky Twenty-Two,Janet Evanovich
12/13/15,Cross Justice,James Patterson
12/20/15,The Nightingale,Kristin Hannah
12/27/15,Rogue Lawyer,John Grisham
01/03/16,Rogue Lawyer,John Grisham
01/10/16,Rogue Lawyer,John Grisham
01/17/16,The Girl on the Train,Paula Hawkins
01/24/16,The Girl on the Train,Paula Hawkins
01/31/16,Scandalous Behavior,Stuart Woods
02/07/16,Blue,Danielle Steel
02/14/16,NYPD Red 4,James Patterson and Marshall Karp
02/21/16,Brotherhood In Death,J. D. Robb
02/28/16,Morning Star,Pierce Brown
03/06/16,Cometh the hour,Jeffrey Archer
03/13/16,Me Before You,Jojo Moyes
03/20/16,The Gangster,Clive Cussler and Justin Scott
03/27/16,Fire Touched,Patricia Briggs
04/03/16,Private Paris,James Patterson and Mark Sullivan
04/10/16,Fool me once,Harlan Coben
04/17/16,Fool me once,Harlan Coben
04/24/16,One with you,Sylvia Day
05/01/16,The Obsession,Nora Roberts
05/08/16,The Last Mile,David Baldacci
05/15/16,Extreme Prey,John Sandford
05/22/16,15th Affair,James Patterson and Maxine Paetro
05/29/16,Me Before You,Jojo Moyes
06/05/16,Me Before You,Jojo Moyes
06/12/16,Me Before You,Jojo Moyes
06/19/16,Me Before You,Jojo Moyes
06/26/16,End of Watch,Stephen King
07/03/16,Bay of Sighs,Nora Roberts
07/10/16,Me Before You,Jojo Moyes
07/17/16,The Games,James Patterson and Mark Sullivan
07/24/16,Me Before You,Jojo Moyes
07/31/16,The Black Widow,Daniel Silva
08/07/16,The Girl on the Train,Paula Hawkins
08/14/16,Truly Madly Guilty,Liane Moriarty
08/21/16,Bullseye,James Patterson and Michael Ledwidge
08/28/16,Insidious,Catherine Coulter
09/04/16,The Girl on the Train,Paula Hawkins
09/11/16,The Girl on the Train,Paula Hawkins
09/18/16,A Great Reckoning,Louise Penny
09/25/16,Apprentice in Death,J.D. Robb
10/02/16,The Girl on the Train,Paula Hawkins
10/09/16,The Girl on the Train,Paula Hawkins
10/16/16,The Girl on the Train,Paula Hawkins
10/23/16,The Girl on the Train,Paula Hawkins
10/30/16,The Girl on the Train,Paula Hawkins
11/06/16,Escape Clause,John Sandford
11/13/16,The Whistler,John Grisham
11/20/16,The Wrong Side of Goodbye,Michael Connelly
11/27/16,Night School,Lee Child
12/04/16,Turbo Twenty-three,Janet Evanovich
12/11/16,Cross the Line,James Patterson
12/18/16,The Whistler,John Grisham
12/25/16,Island of Glass,Nora Roberts
01/01/17,The Whistler,John Grisham
01/08/17,The Whistler,John Grisham
01/15/17,The Wrong Side of Goodbye,Michael Connelly
01/22/17,The Mistress,Danielle Steel
01/29/17,A Dog's Purpose,W. Bruce Cameron
02/05/17,Never Never,James Patterson and Candice Fox
02/12/17,A Dog's Purpose,W. Bruce Cameron
02/19/17,Right Behind You,Lisa Gardner
02/26/17,Echoes in Death,J. D. Robb
03/05/17,Heartbreak Hotel,Jonathan Kellerman
03/12/17,The Shack,William P. Young
03/19/17,The Shack,William P. Young
03/26/17,The Shack,William P. Young
04/02/17,The Shack,William P. Young
04/09/17,Mississippi Blood,Greg Iles
04/16/17,The Black Book,James Patterson and David Ellis
04/23/17,The Chosen,J. R. Ward
04/30/17,The Black Book,James Patterson and David Ellis
