Name,Formal Name
Buffalo ,Buffalo Bills  
Miami,Miami Dolphins
New England,New England Patriots
New York Jets,New York Jets
Baltimore,North Baltimore Ravens
Cincinnati,Cincinnati Bengals
Cleveland,Cleveland Browns
Pittsburgh,Pittsburgh Steelers
Houston,South Houston Texans  
Indianapolis,Indianapolis Colts
Jacksonville,Jacksonville Jaguars
Tennessee,Tennessee Titans
Denver,West Denver Broncos
Kansas City,Kansas City Chiefs
Oakland,Oakland Raiders
San Diego,San Diego Chargers
Dallas,Dallas Cowboys  
New York Giants,New York Giants
Philadelphia,Philadelphia Eagles
Washington,Washington Redskins
Chicago,North Chicago Bears
Detroit,Detroit Lions
Green Bay,Green Bay Packers
Minnesota,Minnesota Vikings
Atlanta,South Atlanta Falcons
Carolina,Carolina Panthers
New Orleans,New Orleans Saints
Tampa Bay,Tampa Bay Buccaneers
Arizona,West Arizona Cardinals
St. Louis,St. Louis Rams
San Francisco,San Francisco 49ers
Seattle,Seattle Seahawks
