Distance NY to World Capitals,,,
,,Distance,
City,Country,Miles,Kilometers
Afghanistan,Kabul,6750,10863
Albania,Tirana,4633,7455
Algeria,Algiers,4034,6492
Andorra,Andorra la Vella,3777,6079
Angola,Luanda,6472,10415
Antigua and Barbuda,Saint John's,1780,2865
Argentina,Buenos Aires,5277,8492
Armenia,Yerevan,5659,9108
Australia,Canberra,10082,16225
Austria,Vienna,4235,6815
Azerbaijan,Baku,5833,9387
Bahamas,Nassau,1094,1761
Bahrain,Manama,6619,10652
Bangladesh,Dhaka,7887,12693
Barbados,Bridgetown,2092,3366
Belarus,Minsk,4438,7143
Belgium,Brussels,3669,5905
Belize,Belmopan,1840,2962
Benin,Porto-Novo,5230,8416
Bermuda,Hamilton,774,1245
Bhutan,Thimphu,7625,12272
Bolivia,La Paz ,3954,6363
Bosnia and Herzegovina,Sarajevo,4475,7202
Botswana,Gaborone,7804,12559
Brazil,Brasilia,4234,6813
Brunei,Bandar Seri Begawan,9242,14874
Bulgaria,Sofia,4725,7604
Burkina Faso,Ouagadougou,4754,7651
Burundi,Bujumbura,7073,11382
Cabo Verde,Praia,3503,5637
Cambodia,Phnom Penh,8833,14215
Cameroon,Yaounde,5813,9356
Canada,Ottawa,336,541
Cayman Islands,Georgetown,1539,2476
Central African Republic,Bangui,6160,9914
Chad,N'Djamena,5633,9065
Chile,Santiago,5106,8217
China,Beijing,6844,11014
Colombia,Bogotá,2485,4000
Comoros,Moroni,8168,13145
Democratic Republic of the Congo,Kinshasa,6379,10265
Republic of the Congo,Brazzaville,6375,10259
Cook Islands,Rarotonga,6946,11178
Costa Rica,San Jose,2207,3551
Cote d'Ivoire,Yamoussoukro,4803,7729
Croatia,Zagreb,4303,6924
Cuba,Havana,1305,2100
Cyprus,Nicosia,,
Czech Republic,Prague,,
Denmark,Copenhagen,,
Djibouti,Djibouti (city),,
Dominica,Roseau,,
Dominican Republic,Santo Domingo,,
Ecuador,Quito,,
Egypt,Cairo,,
El Salvador,San Salvador,,
Equatorial Guinea,Malabo,,
Eritrea,Asmara,,
Estonia,Tallinn,,
Ethiopia,Addis Ababa,,
Fiji,Suva,,
Finland,Helsinki,,
France,Paris,,
Gabon,Libreville,,
Gambia,Banjul,,
Georgia,Tbilisi,,
Germany,Berlin,,
Ghana,Accra,,
Greece,Athens,,
Grenada,Saint George's,,
Guatemala,Guatemala City,,
Guinea,Conakry,,
Guinea-Bissau,Bissau,,
Guyana,Georgetown,,
Haiti,Port-au-Prince,,
Honduras,Tegucigalpa,,
Hungary,Budapest,,
Iceland,Reykjavik,,
India,New Delhi,,
Indonesia,Jakarta,,
Iran,Tehran,,
Iraq,Baghdad,,
Ireland,Dublin,,
Israel,Jerusalem,,
Italy,Rome,,
Jamaica,Kingston,,
Japan,Tokyo,,
Jordan,Amman,,
Kazakhstan,Astana,,
Kenya,Nairobi,,
Kiribati,South Tarawa,,
Kosovo,Pristina,,
Kuwait,Kuwait City,,
Kyrgyzstan,Bishkek,,
Laos,Vientiane,,
Latvia,Riga,,
Lebanon,Beirut,,
Lesotho,Maseru,,
Liberia,Monrovia,,
Libya,Tripoli,,
Liechtenstein,Vaduz,,
Lithuania,Vilnius,,
Luxembourg,Luxembourg,,
Macedonia,Skopje,,
Madagascar,Antananarivo,,
Malawi,Lilongwe,,
Malaysia,Kuala Lumpur,,
Maldives,Male,,
Mali,Bamako,,
Malta,Valletta,,
Marshall Islands,Majuro,,
Mauritania,Nouakchott,,
Mauritius,Port Louis,,
Mexico,Mexico City,,
Micronesia,Palikir,,
Moldova,Chisinau,,
Monaco,Monaco,,
Mongolia,Ulaanbaatar,,
Montenegro,Podgorica,,
Morocco,Rabat,,
Mozambique,Maputo,,
Myanmar (Burma),Naypyidaw,,
Namibia,Windhoek,,
Nauru,Yaren District,,
Nepal,Kathmandu,,
Netherlands,Amsterdam,,
New Zealand,Wellington,,
Nicaragua,Managua,,
Niger,Niamey,,
Nigeria,Abuja,,
North Korea,Pyongyang,,
Norway,Oslo,,
Oman,Muscat,,
Pakistan,Islamabad,,
Palau,Ngerulmud,,
Palestine,Ramallah,,
Panama,Panama City,,
Papua New Guinea,Port Moresby,,
Paraguay,Asunción,,
Peru,Lima,,
Philippines,Manila,,
Poland,Warsaw,,
Portugal,Lisbon,,
Qatar,Doha,,
Romania,Bucharest,,
Russia,Moscow,,
Rwanda,Kigali,,
Saint Kitts and Nevis,Basseterre,,
Saint Lucia,Castries,,
Saint Vincent and the Grenadines,Kingstown,,
Samoa,Apia,,
San Marino,San Marino,,
Sao Tome and Principe,São Tomé,,
Saudi Arabia,Riyadh,,
Senegal,Dakar,,
Serbia,Belgrade,,
Seychelles,Victoria,,
Sierra Leone,Freetown,,
Singapore,Singapore,,
Slovakia,Bratislava,,
Slovenia,Ljubljana,,
Solomon Islands,Honiara,,
Somalia,Mogadishu,,
South Africa,Pretoria,,
South Korea,Seoul,,
South Sudan,Juba,,
Spain,Madrid,,
Sri Lanka,Sri Jayawardenepura Kotte,,
Sudan,Khartoum,,
Suriname,Paramaribo,,
Swaziland,Mbabane,,
Sweden,Stockholm,,
Switzerland,Bern,,
Syria,Damascus,,
Taiwan,Taipei,,
Tajikistan,Dushanbe,,
Tanzania,Dodoma,,
Thailand,Bangkok,,
Timor-Leste,Dili,,
Togo,Lomé,,
Tonga,Nukuʻalofa,,
Trinidad and Tobago,Port of Spain,,
Tunisia,Tunis,,
Turkey,Ankara,,
Turkmenistan,Ashgabat,,
Tuvalu,Funafuti,,
Uganda,Kampala,,
Ukraine,Kyiv,,
United Arab Emirates,Abu Dhabi,,
United Kingdom,London,,
United States of America,"Washington, D.C.",,
Uruguay,Montevideo,,
Uzbekistan,Tashkent,,
Vanuatu,Port Vila,,
Vatican City (Holy See),Vatican City,,
Venezuela,Caracas,,
Vietnam,Hanoi,,
Yemen,Sana'a,,
Zambia,Lusaka,,
Zimbabwe,Harare,,
