Afghanistan,33369945
Albania,2903700
Algeria,40375954
American Samoa,55602
Andorra,69165
Angola,25830958
Anguilla,14763
Antigua and Barbuda,92738
Argentina,43847277
Armenia,3026048
Aruba,104263
Australia,24309330
Austria,8569633
Azerbaijan,9868447
Bahamas,392718
Bahrain,1396829
Bangladesh,162910864
Barbados,285006
Belarus,9481521
Belgium,11371928
Belize,366942
Benin,11166658
Bermuda,61662
Bhutan,784103
Bolivia,10888402
Bosnia and Herzegovina,3802134
Botswana,2303820
Brazil,209567920
British Virgin Islands,30659
Brunei,428874
Bulgaria,7097796
Burkina Faso,18633725
Burundi,11552561
Cabo Verde,526993
Cambodia,15827241
Cameroon,23924407
Canada,36286378
Caribbean Netherlands,25328
Cayman Islands,60764
Central African Republic,4998493
Chad,14496739
Chile,18131850
China,1382323332
Colombia,48654392
Comoros,807118
Congo,4740992
Cook Islands,20948
Costa Rica,4857218
Croatia,4225001
Cuba,11392889
Curaçao,158635
Cyprus,1176598
Czech Republic,10548058
Côte d'Ivoire,23254184
Democratic Republic of the Congo,79722624
Denmark,5690750
Djibouti,899598
Dominica,73016
Dominican Republic,10648613
Ecuador,16385450
Egypt,93383574
El Salvador,6146419
Equatorial Guinea,869587
Eritrea,5351680
Estonia,1309104
Ethiopia,101853268
Falkland Islands,2912
Faroe Islands,48239
Federated States of Micronesia,104966
Fiji,897537
Finland,5523904
France,64668129
French Guiana,275688
French Polynesia,285735
Gabon,1763142
Gambia,2054986
Georgia,3979781
Germany,80682351
Ghana,28033375
Gibraltar,32373
Greece,10919459
Greenland,56196
Grenada,107327
Guadeloupe,470547
Guam,172094
Guatemala,16672956
Guernsey and Jersey,164466
Guinea,12947122
Guinea-Bissau,1888429
Guyana,770610
Haiti,10848175
Honduras,8189501
Hong Kong,7346248
Hungary,9821318
Iceland,331778
India,1326801576
Indonesia,260581100
Iran,80043146
Iraq,37547686
Ireland,4713993
Isle of Man,88421
Israel,8192463
Italy,59801004
Jamaica,2803362
Japan,126323715
Jordan,7747800
Kazakhstan,17855384
Kenya,47251449
Kiribati,114405
Kuwait,4007146
Kyrgyzstan,6033769
Laos,6918367
Latvia,1955742
Lebanon,5988153
Lesotho,2160309
Liberia,4615222
Libya,6330159
Liechtenstein,37776
Lithuania,2850030
Luxembourg,576243
Macau,597126
Madagascar,24915822
Malawi,17749826
Malaysia,30751602
Maldives,369812
Mali,18134835
Malta,419615
Marshall Islands,53069
Martinique,396364
Mauritania,4166463
Mauritius,1277459
Mayotte,246496
Mexico,128632004
Moldova,4062862
Monaco,37863
Mongolia,3006444
Montenegro,626101
Montserrat,5154
Morocco,34817065
Mozambique,28751362
Myanmar,54363426
Namibia,2513981
Nauru,10263
Nepal,28850717
Netherlands,16979729
New Caledonia,266431
New Zealand,4565185
Nicaragua,6150035
Niger,20715285
Nigeria,186987563
Niue,1612
North Korea,25281327
Northern Mariana Islands,55389
Norway,5271958
Oman,4654471
Pakistan,192826502
Palau,21501
Palestine,4797239
Panama,3990406
Papua New Guinea,7776115
Paraguay,6725430
Peru,31774225
Philippines,102250133
Poland,38593161
Portugal,10304434
Puerto Rico,3680772
Qatar,2291368
Republic of Macedonia,2081012
Romania,19372734
Russia,143439832
Rwanda,11882766
Réunion,867214
"Saint Helena, Ascension and Tristan da Cunha",3956
Saint Kitts and Nevis,56183
Saint Lucia,186383
Saint Pierre and Miquelon,6301
Saint Vincent and the Grenadines,109644
Samoa,194523
San Marino,31950
Sao Tome and Principe,194390
Saudi Arabia,32157974
Senegal,15589485
Serbia,8812705
Seychelles,97026
Sierra Leone,6592102
Singapore,5696506
Sint Maarten,39538
Slovakia,5429418
Slovenia,2069362
Solomon Islands,594934
Somalia,11079013
South Africa,54978907
South Korea,50503933
South Sudan,12733427
Spain,46064604
Sri Lanka,20810816
Sudan,41175541
Suriname,547610
Swaziland,1304063
Sweden,9851852
Switzerland,8379477
Syrian Arab Republic,18563595
Taiwan,23395600
Tajikistan,8669464
Tanzania,55155473
Thailand,68146609
Timor-Leste,1211245
Togo,7496833
Tokelau,1276
Tonga,106915
Trinidad and Tobago,1364973
Tunisia,11375220
Turkey,79622062
Turkmenistan,5438670
Turks and Caicos Islands,34904
Tuvalu,9943
Uganda,40322768
Ukraine,44624373
United Arab Emirates,9266971
United Kingdom,65111143
United States of America,324118787
United States Virgin Islands,106415
Uruguay,3444071
Uzbekistan,30300446
Vanuatu,270470
Vatican City,801
Venezuela,31518855
Vietnam,94444200
Wallis and Futuna,13112
Western Sahara,584206
World,7432663275
Yemen,27477600
Zambia,16717332
Zimbabwe,15966810
