<?xml version="1.0" encoding="UTF-8"?>
<project-private xmlns="http://www.netbeans.org/ns/project-private/1">
    <editor-bookmarks xmlns="http://www.netbeans.org/ns/editor-bookmarks/2" lastBookmarkId="0"/>
    <open-files xmlns="http://www.netbeans.org/ns/projectui-open-files/2">
        <group>
            <file>file:/C:/Users/Zero/Documents/NetBeansProjects/CST4713_Hwk11/web/index.html</file>
            <file>file:/C:/Users/Zero/Documents/NetBeansProjects/CST4713_Hwk11/web/Hwk11Sp17.csv</file>
            <file>file:/C:/Users/Zero/Documents/NetBeansProjects/CST4713_Hwk11/src/java/searchbooksServlet/searchbooksServlet.java</file>
        </group>
    </open-files>
</project-private>
